{"inputUnits":[34],"outputUnits":2,"inputs":{"0":{"dtype":"number","min":191.23741713943184,"max":455.8777223579615},"1":{"dtype":"number","min":116.18798578759575,"max":244.72305297851562},"2":{"dtype":"number","min":208.85331150158834,"max":477.7608885932062},"3":{"dtype":"number","min":108.09017552475984,"max":238.56607364773288},"4":{"dtype":"number","min":171.88019155064447,"max":434.41428692888195},"5":{"dtype":"number","min":98.93275160733828,"max":228.60271646818762},"6":{"dtype":"number","min":230.55197452292833,"max":492.8295233463035},"7":{"dtype":"number","min":140.27383885958778,"max":262.69629096242704},"8":{"dtype":"number","min":139.81876477193276,"max":396.8086446027348},"9":{"dtype":"number","min":131.8998842944431,"max":256.7015283488114},"10":{"dtype":"number","min":268.0972765020823,"max":499.26848059034535},"11":{"dtype":"number","min":254.80574552187198,"max":361.5765137431223},"12":{"dtype":"number","min":111.65592713114816,"max":348.5921873100073},"13":{"dtype":"number","min":224.6603512300128,"max":350.09756362855666},"14":{"dtype":"number","min":324.99332709998936,"max":627.6536945981275},"15":{"dtype":"number","min":158.27746914518482,"max":493.18075098416216},"16":{"dtype":"number","min":38.151832907116365,"max":325.4173551923106},"17":{"dtype":"number","min":112.70415191056665,"max":490.37020078428986},"18":{"dtype":"number","min":194.65286907982733,"max":619.4197195327699},"19":{"dtype":"number","min":21.361719272479945,"max":546.4839570160506},"20":{"dtype":"number","min":6.0583697960998295,"max":424.02028837092655},"21":{"dtype":"number","min":-5.143107254681425,"max":547.6972201454964},"22":{"dtype":"number","min":287.69635864732794,"max":461.95520185774865},"23":{"dtype":"number","min":487.5284514074659,"max":564.5346033712306},"24":{"dtype":"number","min":149.71437921783803,"max":360.69524727906696},"25":{"dtype":"number","min":499.7408143277298,"max":549.4813573221288},"26":{"dtype":"number","min":312.9064745476274,"max":513.9456063949644},"27":{"dtype":"number","min":541.5707872442698,"max":579.8209841242096},"28":{"dtype":"number","min":155.08078935081394,"max":362.31658401192396},"29":{"dtype":"number","min":543.7362706522069,"max":580.2374433821741},"30":{"dtype":"number","min":312.73764346824083,"max":511.0995198409381},"31":{"dtype":"number","min":569.1189551446224,"max":585.4322998996838},"32":{"dtype":"number","min":160.5125669189928,"max":363.5169659328832},"33":{"dtype":"number","min":568.5453434213126,"max":591.9251153255715}},"outputs":{"0":{"dtype":"string","min":0,"max":1,"uniqueValues":["Left","Right"],"legend":{"Left":[1,0],"Right":[0,1]}}},"isNormalized":true}