{"inputUnits":[34],"outputUnits":2,"inputs":{"0":{"dtype":"number","min":200.9710677031877,"max":442.9985518399844},"1":{"dtype":"number","min":242.8872291772746,"max":408.9479082753222},"2":{"dtype":"number","min":227.08710785505838,"max":459.1174589520762},"3":{"dtype":"number","min":220.71853459577153,"max":388.01277962176255},"4":{"dtype":"number","min":179.77839963445405,"max":418.84233764173456},"5":{"dtype":"number","min":221.3682051484223,"max":387.2935432404396},"6":{"dtype":"number","min":257.4359035863023,"max":479.7717679984839},"7":{"dtype":"number","min":247.66814057465194,"max":407.66550086351685},"8":{"dtype":"number","min":151.88793553452547,"max":380.9584466956469},"9":{"dtype":"number","min":249.5777899003678,"max":411.8273284555873},"10":{"dtype":"number","min":284.0231186684931,"max":531.8781372545294},"11":{"dtype":"number","min":390.5386441598143,"max":543.1404559064932},"12":{"dtype":"number","min":104.7207962214251,"max":341.28739650147435},"13":{"dtype":"number","min":401.9519693100035,"max":522.8265404608463},"14":{"dtype":"number","min":343.79342758238084,"max":648.4640894789641},"15":{"dtype":"number","min":325.1022825723492,"max":591.9477933297361},"16":{"dtype":"number","min":6.811209355810737,"max":251.1684681933214},"17":{"dtype":"number","min":335.0193911303806,"max":587.6782060318884},"18":{"dtype":"number","min":307.0962500664975,"max":644.7462077456225},"19":{"dtype":"number","min":86.79452146537574,"max":580.1657092617644},"20":{"dtype":"number","min":-6.175750851167315,"max":287.58121950617095},"21":{"dtype":"number","min":97.53927149197472,"max":570.0540078011004},"22":{"dtype":"number","min":268.06868378754257,"max":514.3038429824295},"23":{"dtype":"number","min":551.9128156728782,"max":586.5853656219601},"24":{"dtype":"number","min":123.07531453292194,"max":341.89752244763804},"25":{"dtype":"number","min":561.4965541260716,"max":593.929540730636},"26":{"dtype":"number","min":212.9539519432454,"max":557.8237506016683},"27":{"dtype":"number","min":488.760732212883,"max":567.0188880059505},"28":{"dtype":"number","min":105.85813292269577,"max":389.55929767296936},"29":{"dtype":"number","min":500.30821210215527,"max":564.7947514752933},"30":{"dtype":"number","min":204.80621219145186,"max":598.2230178298654},"31":{"dtype":"number","min":468.0475874726411,"max":562.9782775403925},"32":{"dtype":"number","min":60.369589245272984,"max":412.0608176146036},"33":{"dtype":"number","min":477.46405338035015,"max":572.4374045286661}},"outputs":{"0":{"dtype":"string","min":0,"max":1,"uniqueValues":["Left","Right"],"legend":{"Left":[1,0],"Right":[0,1]}}},"isNormalized":true}