{"inputUnits":[34],"outputUnits":2,"inputs":{"0":{"dtype":"number","min":287.3189719827259,"max":384.4476092743039},"1":{"dtype":"number","min":203.58428955078125,"max":259.0590468825997},"2":{"dtype":"number","min":299.8829407450754,"max":399.44771770373393},"3":{"dtype":"number","min":192.58406583437198,"max":245.64834594726562},"4":{"dtype":"number","min":263.48099645473616,"max":363.91429500357185},"5":{"dtype":"number","min":192.25257250121598,"max":243.22128474016597},"6":{"dtype":"number","min":319.90974277837734,"max":414.21882480962734},"7":{"dtype":"number","min":219.13044614086817,"max":268.9866739117218},"8":{"dtype":"number","min":237.57138871961067,"max":327.55455581130684},"9":{"dtype":"number","min":220.88882386916345,"max":265.7708550241671},"10":{"dtype":"number","min":369.7691113661235,"max":448.5956998001277},"11":{"dtype":"number","min":322.36148819385335,"max":364.0022711252888},"12":{"dtype":"number","min":211.11546379119042,"max":290.1278294663485},"13":{"dtype":"number","min":311.1038564244133,"max":370.60826876747933},"14":{"dtype":"number","min":463.5828776674976,"max":568.9878103055843},"15":{"dtype":"number","min":341.97072188677953,"max":442.21017830102824},"16":{"dtype":"number","min":90.00834542953551,"max":183.35450049968082},"17":{"dtype":"number","min":250.10361370873358,"max":474.7422351169215},"18":{"dtype":"number","min":448.78868488950025,"max":593.6792677942417},"19":{"dtype":"number","min":200.02734091495262,"max":503.91289024501464},"20":{"dtype":"number","min":39.451154233880544,"max":262.57314006642144},"21":{"dtype":"number","min":118.49604150200634,"max":541.7690660053654},"22":{"dtype":"number","min":356.4208455957791,"max":440.74662353278137},"23":{"dtype":"number","min":535.4813631406554,"max":560.964998178445},"24":{"dtype":"number","min":243.35437344205982,"max":329.64480982680266},"25":{"dtype":"number","min":538.5849794617886,"max":575.8009451187074},"26":{"dtype":"number","min":395.4275088180364,"max":544.0416079272557},"27":{"dtype":"number","min":543.3781961522677,"max":571.7930335850103},"28":{"dtype":"number","min":229.20280545602049,"max":354.15019647620534},"29":{"dtype":"number","min":540.1367935596273,"max":580.7285222747447},"30":{"dtype":"number","min":391.4275333389698,"max":574.9988814179536},"31":{"dtype":"number","min":538.4025187807788,"max":575.8910788450723},"32":{"dtype":"number","min":233.25648623217867,"max":356.5617346856381},"33":{"dtype":"number","min":552.0197607849359,"max":571.9465049417103}},"outputs":{"0":{"dtype":"string","min":0,"max":1,"uniqueValues":["Left","Right"],"legend":{"Left":[1,0],"Right":[0,1]}}},"isNormalized":true}